{
	"matrixList": [
		{
			"Name": "EPSG:3395",
			"Epsg": 3395,
			"Type": 1,
			"Frame": {
				"min": {
					"x": 20037508.34279,
					"y": -20037508.34279
				},
				"max": {
					"x": -20037508.34279,
					"y": 20037508.34279
				}
			},
			"ScaleDenominator": [
				559082264.0287178,
				279541132.0143589,
				139770566.0071794,
				69885283.00358972,
				34942641.50179486,
				17471320.75089743,
				8735660.375448715,
				4367830.187724357,
				2183915.093862179,
				1091957.546931089,
				545978.7734655447,
				272989.3867327723,
				136494.6933663862,
				68247.34668319309,
				34123.67334159654,
				17061.83667079827,
				8530.918335399136,
				4265.459167699568,
				2132.729583849784,
				1066.364791924891,
				533.1823959624459,
				266.59119798122295,
				133.295598990611475
			],
			"TileSize": 256,
			"MinZoom": 0,
			"MaxZoom": 23
		},
		{
			"Name": "EPSG:3857",
			"Epsg": 3857,
			"Type": 1,
			"Frame": {
				"min": {
					"x": 20037508.34279,
					"y": -20037508.34279
				},
				"max": {
					"x": -20037508.34279,
					"y": 20037508.34279
				}
			},
			"ScaleDenominator": [
				559082264.0287178,
				279541132.0143589,
				139770566.0071794,
				69885283.00358972,
				34942641.50179486,
				17471320.75089743,
				8735660.375448715,
				4367830.187724357,
				2183915.093862179,
				1091957.546931089,
				545978.7734655447,
				272989.3867327723,
				136494.6933663862,
				68247.34668319309,
				34123.67334159654,
				17061.83667079827,
				8530.918335399136,
				4265.459167699568,
				2132.729583849784,
				1066.364791924891,
				533.1823959624459,
				266.59119798122295,
				133.295598990611475
			],
			"TileSize": 1024,
			"MinZoom": 0,
			"MaxZoom": 23
		},
		{
			"Name": "GlobalCRS84Scale",
			"Epsg": 4326,
			"Type": 2,
			"Frame": {
				"min": {
					"x": 90,
					"y": -180
				},
				"max": {
					"x": -90,
					"y": 180
				}
			},
			"ScaleDenominator": [
				500000000,
				250000000,
				100000000,
				50000000,
				25000000,
				10000000,
				5000000,
				2500000,
				1000000,
				500000,
				250000,
				100000,
				50000,
				25000,
				10000,
				5000,
				2500,
				1000,
				500,
				250,
				100,
				50,
				25,
				10
			],
			"TileSize": 256,
			"MinZoom": 0,
			"MaxZoom": 23
		},
		{
			"Name": "GoogleCRS84Quad",
			"Epsg": 4326,
			"Type": 2,
			"Frame": {
				"min": {
					"x": 90,
					"y": -180
				},
				"max": {
					"x": -90,
					"y": 180
				}
			},
			"ScaleDenominator": [
				559082264.0287178,
				279541132.0143589,
				139770566.0071794,
				69885283.00358972,
				34942641.50179486,
				17471320.75089743,
				8735660.375448715,
				4367830.187724357,
				2183915.093862179,
				1091957.546931089,
				545978.7734655447,
				272989.3867327723,
				136494.6933663862,
				68247.34668319309,
				34123.67334159654,
				17061.83667079827,
				8530.918335399136,
				4265.459167699568,
				2132.729583849784,
				1066.364791924891,
				533.1823959624459,
				266.59119798122295,
				133.295598990611475
			],
			"TileSize": 256,
			"MinZoom": 0,
			"MaxZoom": 23
		},
		{
			"Name": "GoogleMapsCompatible",
			"Epsg": 3857,
			"Type": 1,
			"Frame": {
				"min": {
					"x": 20037508.34279,
					"y": -20037508.34279
				},
				"max": {
					"x": -20037508.34279,
					"y": 20037508.34279
				}
			},
			"ScaleDenominator": [
				559082264.0287178,
				279541132.0143589,
				139770566.0071794,
				69885283.00358972,
				34942641.50179486,
				17471320.75089743,
				8735660.375448715,
				4367830.187724357,
				2183915.093862179,
				1091957.546931089,
				545978.7734655447,
				272989.3867327723,
				136494.6933663862,
				68247.34668319309,
				34123.67334159654,
				17061.83667079827,
				8530.918335399136,
				4265.459167699568,
				2132.729583849784,
				1066.364791924891,
				533.1823959624459,
				266.59119798122295,
				133.295598990611475
			],
			"TileSize": 256,
			"MinZoom": 0,
			"MaxZoom": 23
		},
		{
			"Name": "MILLER",
			"Epsg": 54003,
			"Type": 1,
			"Frame": {
				"min": {
					"x": 14666851.8924712,
					"y": -20003917.3569559
				},
				"max": {
					"x": -14666851.8924712,
					"y": 20003917.3569559
				}
			},
			"ScaleDenominator": [
				559082264.0287178,
				279541132.0143589,
				139770566.0071794,
				69885283.00358972,
				34942641.50179486,
				17471320.75089743,
				8735660.375448715,
				4367830.187724357,
				2183915.093862179,
				1091957.546931089,
				545978.7734655447,
				272989.3867327723,
				136494.6933663862,
				68247.34668319309,
				34123.67334159654,
				17061.83667079827,
				8530.918335399136,
				4265.459167699568,
				2132.729583849784,
				1066.364791924891,
				533.1823959624459,
				266.59119798122295,
				133.295598990611475
			],
			"TileSize": 256,
			"MinZoom": 0,
			"MaxZoom": 23
		}
	]
}